Invoice ID;Payment
101-17-6199;Credit card
101-81-4070;Ewallet
102-06-2002;Cash
102-77-2261;Credit card
105-10-6182;Ewallet
105-31-1824;Credit card
106-35-6779;Cash
109-28-2512;Ewallet
109-86-4363;Credit card
110-05-6330;Credit card
110-48-7033;Cash
114-35-5271;Cash
115-38-7388;Credit card
115-99-4379;Credit card
118-62-1812;Cash
120-06-4233;Cash
120-54-2248;Credit card
122-61-9553;Cash
123-19-1176;Ewallet
123-35-4896;Ewallet
124-31-1458;Cash
125-45-2293;Cash
126-54-1082;Credit card
127-47-6963;Credit card
129-29-8530;Ewallet
130-67-4723;Ewallet
130-98-8941;Cash
131-15-8856;Credit card
131-70-8179;Cash
132-23-6451;Cash
132-32-9879;Cash
133-14-7229;Cash
133-77-3154;Credit card
134-54-4720;Ewallet
134-75-2619;Cash
135-13-8269;Cash
135-84-8019;Ewallet
136-08-6195;Credit card
137-63-5492;Ewallet
137-74-8729;Ewallet
138-17-5109;Credit card
139-20-0155;Credit card
139-32-4183;Ewallet
139-52-2867;Credit card
142-63-6033;Ewallet
142-72-4741;Credit card
144-51-6085;Credit card
145-94-9061;Cash
146-09-5432;Ewallet
148-41-7930;Cash
148-82-2527;Credit card
149-14-0304;Cash
149-15-7606;Ewallet
149-61-1929;Credit card
149-71-6266;Cash
150-89-8043;Cash
151-16-1484;Ewallet
151-27-8496;Ewallet
151-33-7434;Credit card
152-03-4217;Credit card
152-08-9985;Credit card
152-68-2907;Credit card
153-58-4872;Ewallet
154-74-7179;Ewallet
154-87-7367;Ewallet
155-45-3814;Ewallet
156-20-0370;Credit card
156-95-3964;Ewallet
157-13-5295;Ewallet
160-22-2687;Ewallet
162-48-8011;Cash
162-65-8559;Cash
163-56-7055;Cash
166-19-2553;Cash
169-52-4504;Credit card
172-42-8274;Credit card
173-50-1108;Credit card
173-57-2300;Cash
173-82-9529;Cash
174-36-3675;Cash
174-64-0215;Credit card
174-75-0888;Cash
175-54-2529;Credit card
176-64-7711;Credit card
176-78-1170;Ewallet
181-82-6255;Cash
181-94-6432;Ewallet
182-52-7000;Ewallet
182-69-8360;Credit card
182-88-2763;Credit card
183-21-3799;Ewallet
183-56-6882;Ewallet
186-09-3669;Ewallet
186-43-8965;Credit card
186-71-5196;Ewallet
186-79-9562;Cash
187-83-5490;Cash
188-55-0967;Credit card
189-08-9157;Credit card
189-17-4241;Credit card
189-40-5216;Cash
189-52-0236;Cash
189-55-2313;Ewallet
189-98-2939;Cash
190-14-3147;Ewallet
190-59-3964;Credit card
191-10-6171;Cash
191-29-0321;Credit card
192-98-7397;Ewallet
195-06-0432;Credit card
196-01-2849;Cash
197-77-7132;Ewallet
198-66-9832;Cash
198-84-7132;Cash
199-75-8169;Credit card
200-16-5952;Cash
200-40-6154;Cash
201-63-8275;Ewallet
201-86-2184;Cash
207-73-1363;Ewallet
209-61-0206;Ewallet
210-30-7976;Ewallet
210-57-1719;Cash
210-67-5886;Credit card
210-74-9613;Ewallet
211-05-0490;Cash
211-30-9270;Credit card
212-62-1842;Cash
213-32-1216;Cash
213-72-6612;Cash
214-17-6927;Ewallet
214-30-2776;Credit card
217-58-1179;Cash
218-59-9410;Ewallet
219-22-9386;Credit card
219-61-4139;Ewallet
220-28-1851;Ewallet
220-68-6701;Cash
221-25-5073;Cash
222-42-0244;Credit card
225-32-0908;Ewallet
225-98-1496;Credit card
226-31-3081;Cash
226-34-0034;Ewallet
226-71-3580;Cash
227-03-5010;Credit card
227-07-4446;Cash
227-50-3718;Cash
227-78-1148;Cash
228-96-1411;Cash
232-11-3025;Cash
232-16-2483;Ewallet
233-34-0817;Cash
233-67-5758;Ewallet
234-03-4040;Credit card
234-36-2483;Cash
234-65-2137;Cash
235-06-8510;Ewallet
235-46-8343;Credit card
236-27-1144;Ewallet
236-86-3015;Ewallet
237-01-6122;Credit card
237-44-6163;Cash
238-45-6950;Ewallet
238-49-0436;Credit card
239-10-7476;Ewallet
239-36-3640;Ewallet
239-48-4278;Ewallet
241-11-2261;Credit card
241-72-9525;Cash
241-96-5076;Credit card
242-11-3142;Cash
242-55-6721;Ewallet
243-47-2663;Credit card
243-55-8457;Ewallet
244-08-0162;Cash
246-11-3901;Cash
246-55-6923;Credit card
247-11-2470;Credit card
249-42-3782;Ewallet
250-17-5703;Ewallet
250-81-7186;Credit card
252-56-2699;Ewallet
336-78-2147;Credit card
338-65-2210;Cash
339-12-4827;Credit card
339-18-7061;Credit card
339-38-9982;Ewallet
339-96-8318;Ewallet
340-21-9136;Cash
340-66-0321;Cash
342-65-4817;Ewallet
343-61-3544;Cash
343-75-9322;Cash
343-87-0864;Credit card
345-08-4992;Credit card
345-68-9016;Credit card
346-12-3257;Cash
346-84-3103;Cash
347-34-2234;Ewallet
347-56-2442;Cash
347-72-6115;Credit card
349-97-8902;Ewallet
351-62-0822;Ewallet
354-25-5821;Cash
354-39-5160;Cash
355-34-6244;Credit card
355-53-5943;Ewallet
356-44-8813;Credit card
358-88-9262;Ewallet
359-90-3665;Credit card
359-94-5395;Credit card
360-39-5055;Cash
361-59-0574;Credit card
361-85-2571;Cash
362-58-8315;Cash
364-33-8584;Cash
364-34-2972;Cash
365-16-4334;Ewallet
365-64-0515;Ewallet
366-43-6862;Ewallet
366-93-0948;Credit card
369-82-2676;Ewallet
370-41-7321;Credit card
370-96-0655;Ewallet
371-85-5789;Ewallet
372-26-1506;Ewallet
372-62-5264;Cash
372-94-8041;Ewallet
373-09-4567;Ewallet
373-14-0504;Ewallet
373-73-7910;Ewallet
373-88-1424;Ewallet
374-17-3652;Credit card
374-38-5555;Ewallet
375-72-3056;Ewallet
376-02-8238;Credit card
376-56-3573;Ewallet
377-79-7592;Credit card
378-07-7001;Credit card
378-24-2715;Ewallet
379-17-6588;Cash
380-60-5336;Credit card
380-94-4661;Credit card
381-20-0914;Credit card
382-03-4532;Cash
382-25-8917;Cash
384-59-6655;Cash
386-27-7606;Credit card
387-49-4215;Cash
388-76-2555;Cash
389-25-3394;Cash
389-70-2397;Cash
390-17-5806;Cash
390-31-6381;Cash
390-80-5128;Credit card
393-65-2792;Credit card
394-30-3170;Credit card
394-41-0748;Ewallet
394-43-4238;Credit card
394-55-6384;Cash
396-90-2219;Cash
397-25-8725;Credit card
399-46-5918;Cash
399-69-4630;Credit card
400-45-1220;Credit card
400-60-7251;Ewallet
400-80-4065;Credit card
400-89-4171;Cash
401-09-4232;Ewallet
401-18-8016;Cash
404-91-5964;Credit card
405-31-3305;Credit card
406-46-7107;Cash
407-63-8975;Ewallet
408-26-9866;Ewallet
408-66-6712;Ewallet
409-33-9708;Ewallet
409-49-6995;Cash
410-67-1709;Ewallet
411-77-0180;Ewallet
413-20-6708;Ewallet
414-12-7047;Ewallet
416-13-5917;Ewallet
416-17-9926;Credit card
418-02-5978;Cash
418-05-0656;Cash
420-04-7590;Ewallet
420-11-4919;Credit card
420-18-8989;Cash
420-97-3340;Credit card
421-95-9805;Credit card
422-29-8786;Credit card
423-57-2993;Ewallet
423-64-4619;Cash
423-80-0988;Ewallet
425-85-2085;Ewallet
426-39-2418;Cash
427-45-9297;Ewallet
428-83-5800;Cash
430-02-3888;Cash
430-53-4718;Credit card
430-60-3493;Cash
431-66-2305;Credit card
433-08-7822;Ewallet
433-75-6987;Ewallet
434-35-9162;Ewallet
434-83-9547;Cash
435-13-4908;Credit card
436-54-4512;Cash
437-53-3084;Ewallet
437-58-8131;Ewallet
438-01-4015;Ewallet
438-23-1242;Ewallet
439-54-7422;Credit card
440-59-5691;Credit card
441-94-7118;Cash
442-44-6497;Credit card
442-48-3607;Credit card
443-59-0061;Ewallet
443-60-9639;Cash
443-82-0585;Cash
445-30-9252;Ewallet
446-47-6729;Credit card
447-15-7839;Cash
448-34-8700;Ewallet
448-61-3783;Credit card
448-81-5016;Credit card
449-16-6770;Credit card
449-27-2918;Credit card
450-28-2866;Cash
450-42-3339;Credit card
451-28-5717;Cash
451-73-2711;Ewallet
452-04-8808;Cash
453-12-7053;Credit card
453-33-6436;Cash
453-63-6187;Ewallet
457-12-0244;Ewallet
457-13-1708;Credit card
457-94-0464;Ewallet
458-10-8612;Ewallet
458-41-1477;Credit card
458-61-0011;Cash
459-45-2396;Cash
459-50-7686;Ewallet
460-35-4390;Ewallet
460-93-5834;Cash
462-67-9126;Cash
462-78-5240;Cash
466-61-5506;Cash
468-01-2051;Ewallet
468-88-0009;Cash
468-99-7231;Cash
470-31-3286;Credit card
470-32-9057;Credit card
471-06-8611;Credit card
471-41-2823;Ewallet
472-15-9636;Ewallet
474-33-8305;Ewallet
477-24-6490;Ewallet
477-59-2456;Cash
478-06-7835;Ewallet
479-26-8945;Ewallet
480-63-2856;Ewallet
482-17-1179;Credit card
483-71-1164;Ewallet
484-22-8230;Cash
485-30-8700;Credit card
487-79-6868;Credit card
488-25-4221;Credit card
489-64-4354;Cash
489-82-1237;Credit card
490-29-1201;Cash
490-95-0021;Ewallet
491-38-3499;Credit card
493-65-6248;Credit card
497-36-0989;Cash
497-37-6538;Ewallet
498-41-1961;Cash
499-27-7781;Ewallet
500-02-2261;Ewallet
501-61-1753;Ewallet
502-05-1910;Credit card
503-07-0930;Credit card
503-21-4385;Ewallet
504-35-8843;Cash
505-02-0892;Ewallet
509-10-0516;Ewallet
509-29-3912;Ewallet
510-09-5628;Credit card
510-79-0415;Ewallet
510-95-6347;Ewallet
511-54-3087;Credit card
512-91-0811;Credit card
512-98-1403;Ewallet
514-37-2845;Cash
516-77-6464;Ewallet
518-17-2983;Ewallet
518-71-6847;Ewallet
521-18-7827;Credit card
522-57-8364;Ewallet
523-38-0215;Credit card
525-09-8450;Credit card
525-88-7307;Cash
526-86-8552;Cash
527-09-6272;Credit card
528-14-9470;Ewallet
528-87-5606;Cash
529-56-3974;Cash
530-90-9855;Cash
531-56-4728;Cash
531-80-1784;Cash
532-59-7201;Cash
533-33-5337;Cash
533-66-5566;Cash
534-01-4457;Credit card
534-53-3526;Ewallet
537-72-0426;Cash
538-22-0304;Cash
539-21-7227;Cash
540-11-4336;Credit card
541-08-3113;Cash
541-48-8554;Credit card
541-89-9860;Cash
542-41-0513;Cash
544-32-5024;Credit card
544-55-9589;Cash
545-07-8534;Ewallet
545-46-3100;Credit card
546-80-2899;Ewallet
548-46-9322;Credit card
548-48-3156;Cash
549-03-9315;Ewallet
549-23-9016;Credit card
549-59-1358;Ewallet
549-84-7482;Ewallet
549-96-4200;Ewallet
550-84-8664;Credit card
551-21-3069;Cash
552-44-5977;Credit card
554-42-2417;Cash
554-53-3790;Cash
554-53-8700;Cash
556-41-6224;Credit card
556-72-8512;Cash
556-86-3144;Cash
556-97-7101;Cash
558-60-5016;Ewallet
558-80-4082;Ewallet
559-61-5987;Cash
559-98-9873;Ewallet
560-30-5617;Cash
560-49-6611;Cash
562-12-5430;Ewallet
563-36-9814;Ewallet
563-47-4072;Cash
563-91-7120;Cash
565-17-3836;Cash
565-67-6697;Cash
565-80-5980;Cash
565-91-4567;Ewallet
566-19-5475;Cash
566-71-1091;Cash
568-88-3448;Ewallet
568-90-5112;Credit card
569-71-4390;Ewallet
569-76-2760;Credit card
571-94-0759;Cash
573-10-3877;Credit card
573-58-9734;Ewallet
573-98-8548;Ewallet
574-22-5561;Ewallet
574-31-8277;Cash
574-57-9721;Ewallet
574-80-1489;Ewallet
575-30-8091;Ewallet
575-67-1508;Ewallet
576-31-4774;Ewallet
577-34-7579;Cash
578-80-7669;Cash
582-52-8065;Cash
583-41-4548;Ewallet
583-72-1480;Ewallet
584-66-4073;Ewallet
584-86-7256;Credit card
585-03-5943;Ewallet
585-11-6748;Cash
585-86-8361;Credit card
585-90-0249;Ewallet
586-25-0848;Credit card
587-03-7455;Ewallet
587-73-4862;Ewallet
588-01-7461;Cash
588-47-8641;Ewallet
589-02-8023;Credit card
590-83-4591;Credit card
592-34-6155;Ewallet
592-46-1692;Cash
593-08-5916;Credit card
593-14-4239;Ewallet
593-65-1552;Credit card
593-95-4461;Cash
594-34-4444;Ewallet
595-11-5460;Credit card
595-27-4851;Ewallet
595-86-2894;Ewallet
595-94-9924;Credit card
596-42-3999;Credit card
597-78-7908;Cash
598-06-7312;Cash
598-47-9715;Ewallet
600-38-9738;Credit card
602-16-6955;Ewallet
602-80-9671;Credit card
603-07-0961;Cash
604-70-6476;Ewallet
605-03-2706;Cash
605-72-4132;Cash
605-83-1050;Ewallet
606-80-4905;Credit card
607-65-2441;Credit card
607-76-6216;Credit card
608-04-3797;Ewallet
608-05-3804;Cash
608-27-6295;Credit card
608-96-3517;Credit card
609-81-8548;Credit card
610-46-4100;Credit card
612-36-5536;Credit card
613-59-9758;Cash
616-24-2851;Ewallet
616-87-0016;Credit card
617-15-4209;Cash
618-34-8551;Credit card
620-02-2046;Ewallet
622-20-1945;Cash
624-01-8356;Credit card
626-43-7888;Ewallet
627-95-3243;Ewallet
628-34-3388;Credit card
628-90-8624;Cash
629-42-4133;Cash
630-74-5166;Cash
631-34-1880;Credit card
631-41-3108;Credit card
632-32-4574;Cash
632-90-0281;Credit card
633-09-3463;Credit card
633-44-8566;Credit card
633-91-1052;Cash
634-97-8956;Credit card
635-28-5728;Ewallet
635-40-6220;Ewallet
636-17-0325;Cash
636-48-8204;Ewallet
636-98-3364;Ewallet
638-60-7125;Credit card
639-76-1242;Cash
640-48-5028;Cash
640-49-2076;Cash
641-43-2399;Ewallet
641-51-2661;Credit card
641-62-7288;Ewallet
641-96-3695;Ewallet
642-30-6693;Ewallet
642-32-2990;Ewallet
642-61-4706;Cash
643-38-7867;Ewallet
645-44-1170;Ewallet
645-78-8093;Ewallet
647-50-1224;Ewallet
648-83-1321;Cash
648-94-3045;Ewallet
649-11-3678;Cash
649-29-6775;Cash
650-98-6268;Credit card
651-61-0874;Credit card
651-88-7328;Cash
651-96-5970;Credit card
652-43-6591;Credit card
652-49-6720;Ewallet
655-07-2265;Ewallet
655-85-5130;Cash
656-16-1063;Credit card
656-95-9349;Credit card
658-66-3967;Ewallet
659-36-1684;Credit card
659-65-8956;Ewallet
660-29-7083;Cash
662-47-5456;Credit card
662-72-2873;Ewallet
663-86-9076;Ewallet
664-14-2882;Credit card
665-32-9167;Credit card
665-63-9737;Ewallet
667-23-5919;Ewallet
667-92-0055;Ewallet
668-90-8900;Credit card
669-54-1719;Credit card
670-71-7306;Credit card
670-79-6321;Credit card
672-51-8681;Credit card
674-15-9296;Ewallet
674-56-6360;Cash
676-10-2200;Ewallet
676-39-6028;Cash
677-11-0152;Cash
678-79-0726;Cash
679-22-6530;Credit card
685-64-1609;Ewallet
686-41-0932;Ewallet
687-15-1097;Cash
687-47-8271;Credit card
689-05-1884;Cash
689-16-9784;Cash
690-01-6631;Ewallet
692-27-8933;Cash
692-92-5582;Credit card
695-09-5146;Ewallet
695-28-6250;Ewallet
695-51-0018;Cash
696-90-2548;Ewallet
698-98-5964;Credit card
699-01-4164;Credit card
699-14-3026;Ewallet
699-88-1972;Credit card
700-81-1757;Credit card
701-23-5550;Ewallet
701-69-8742;Ewallet
702-72-0487;Credit card
702-83-5291;Cash
704-10-4056;Credit card
704-11-6354;Cash
704-20-4138;Credit card
704-48-3927;Ewallet
706-36-6154;Ewallet
707-32-7409;Ewallet
709-58-4068;Cash
710-46-4433;Credit card
711-31-1234;Cash
712-39-0363;Ewallet
714-02-3114;Cash
715-20-1673;Cash
716-39-1409;Cash
717-96-4189;Cash
718-57-9773;Credit card
719-76-3868;Cash
719-89-8991;Ewallet
720-72-2436;Ewallet
721-86-6247;Ewallet
722-13-2115;Credit card
725-32-9708;Cash
725-54-0677;Cash
725-56-0833;Credit card
725-67-2480;Credit card
725-96-3778;Cash
726-27-2396;Ewallet
726-29-6793;Ewallet
727-02-1313;Cash
727-17-0390;Ewallet
727-46-3608;Ewallet
727-75-6477;Cash
728-47-9078;Cash
728-88-7867;Ewallet
729-06-2010;Cash
729-09-9681;Ewallet
729-46-7422;Credit card
730-50-9884;Ewallet
730-61-8757;Credit card
730-70-9830;Ewallet
731-14-2199;Ewallet
731-59-7531;Cash
731-81-9469;Credit card
732-04-5373;Cash
732-67-5346;Credit card
732-94-0499;Credit card
733-01-9107;Cash
733-29-1227;Cash
733-33-4967;Cash
734-91-1155;Credit card
735-06-4124;Cash
735-32-9839;Ewallet
737-88-5876;Credit card
740-11-5257;Cash
740-22-2500;Cash
741-73-3559;Cash
742-04-5161;Cash
743-04-1105;Ewallet
743-88-1662;Ewallet
744-02-5987;Ewallet
744-09-5786;Cash
744-16-7898;Credit card
744-82-9138;Cash
745-71-3520;Cash
745-74-0715;Ewallet
746-04-1077;Credit card
746-19-0921;Ewallet
746-54-5508;Credit card
746-68-6593;Credit card
746-94-0204;Credit card
747-58-7183;Ewallet
748-45-2862;Cash
749-24-1565;Ewallet
749-81-8133;Cash
750-57-9686;Credit card
750-67-8428;Ewallet
751-15-6198;Ewallet
751-41-9720;Ewallet
751-69-0068;Ewallet
752-23-3760;Credit card
755-12-3214;Credit card
756-01-7507;Cash
756-49-0168;Ewallet
756-93-1854;Credit card
759-29-9521;Cash
759-98-4285;Credit card
760-27-5490;Ewallet
760-53-9233;Credit card
760-54-1821;Cash
760-90-2357;Ewallet
761-49-0439;Ewallet
764-44-8999;Ewallet
765-26-6951;Credit card
766-85-7061;Ewallet
767-05-1286;Ewallet
767-54-1907;Cash
767-97-4650;Credit card
770-42-8960;Cash
775-72-1988;Ewallet
776-68-1096;Credit card
777-67-2495;Ewallet
777-82-7220;Cash
778-34-2523;Cash
778-71-5554;Credit card
778-89-7974;Cash
779-06-0012;Cash
779-42-2410;Ewallet
781-84-8059;Ewallet
782-95-9291;Credit card
783-09-1637;Ewallet
784-08-0310;Cash
784-21-9238;Cash
785-13-7708;Credit card
785-96-0615;Ewallet
786-94-2700;Cash
787-15-1757;Ewallet
787-56-0757;Credit card
787-87-2010;Credit card
788-07-8452;Ewallet
788-21-5741;Credit card
789-23-8625;Cash
790-29-1172;Credit card
790-38-4466;Credit card
793-10-3222;Credit card
794-32-2436;Ewallet
794-42-3736;Credit card
795-49-7276;Ewallet
796-12-2025;Cash
796-32-9050;Cash
797-88-0493;Cash
799-71-1548;Credit card
800-09-8606;Cash
801-88-0346;Credit card
802-43-8934;Credit card
802-70-5316;Cash
803-17-8013;Cash
803-83-5989;Ewallet
804-38-3935;Credit card
805-86-0265;Cash
807-14-7833;Ewallet
807-34-3742;Cash
808-65-0703;Credit card
809-46-1866;Cash
809-69-9497;Ewallet
810-60-6344;Credit card
811-03-8790;Credit card
811-35-1094;Credit card
815-04-6282;Credit card
815-11-1168;Cash
816-57-2053;Ewallet
816-72-8853;Cash
817-48-8732;Cash
817-69-8206;Credit card
821-07-3596;Ewallet
821-14-9046;Credit card
824-88-3614;Ewallet
825-94-5922;Ewallet
826-58-8051;Ewallet
827-26-2100;Ewallet
827-44-5872;Credit card
827-77-7633;Cash
828-46-6863;Credit card
828-61-5674;Credit card
829-34-3910;Cash
829-49-1914;Ewallet
830-58-2383;Cash
831-07-6050;Credit card
831-64-0259;Ewallet
831-81-6575;Cash
832-51-6761;Ewallet
834-25-9262;Cash
834-45-5519;Ewallet
834-61-8124;Cash
834-83-1826;Credit card
835-16-0096;Ewallet
836-82-5858;Ewallet
837-55-7229;Credit card
838-02-1821;Credit card
838-78-4295;Ewallet
840-19-2096;Ewallet
840-76-5966;Ewallet
841-18-8232;Credit card
841-35-6630;Cash
842-29-4695;Credit card
842-40-8179;Credit card
843-01-4703;Credit card
843-73-4724;Cash
845-51-0542;Ewallet
845-94-6841;Cash
846-10-0341;Cash
847-38-7188;Ewallet
848-07-1692;Ewallet
848-24-9445;Cash
848-42-2560;Cash
848-62-7243;Cash
848-95-6252;Ewallet
849-09-3807;Cash
850-41-9669;Ewallet
851-28-6367;Ewallet
851-98-3555;Credit card
852-62-7105;Credit card
852-82-2749;Ewallet
853-23-2453;Cash
856-22-8149;Ewallet
856-66-2701;Ewallet
857-16-3520;Ewallet
857-67-9057;Ewallet
859-71-0933;Cash
859-97-6048;Credit card
860-73-6466;Credit card
860-79-0874;Credit card
861-77-0145;Cash
862-17-9201;Credit card
862-29-5914;Credit card
862-59-8517;Cash
864-24-7918;Cash
865-41-9075;Cash
865-92-6136;Ewallet
866-05-7563;Cash
866-70-2814;Ewallet
866-99-7614;Credit card
867-47-1948;Cash
868-06-0466;Credit card
868-52-7573;Cash
868-81-1752;Cash
869-11-3082;Credit card
870-54-3162;Cash
870-72-4431;Credit card
870-76-1733;Credit card
871-39-9221;Cash
871-79-8483;Credit card
873-14-6353;Credit card
873-51-0671;Ewallet
873-95-4984;Cash
875-31-8302;Cash
875-46-5808;Ewallet
877-22-3308;Cash
878-30-2331;Credit card
880-35-0356;Ewallet
880-46-5796;Ewallet
881-41-7302;Credit card
882-40-4577;Credit card
883-17-4236;Credit card
883-69-1285;Credit card
884-80-6021;Ewallet
885-17-6250;Ewallet
885-56-0389;Cash
886-18-2897;Credit card
886-54-6089;Cash
886-77-9084;Ewallet
887-42-0517;Credit card
888-02-0338;Ewallet
889-04-9723;Credit card
891-01-7034;Cash
891-58-8335;Cash
892-05-6689;Ewallet
894-41-5205;Credit card
895-03-6665;Cash
895-66-0685;Ewallet
896-34-0956;Cash
898-04-2717;Ewallet